{"cameraMode":{"drawMode":0,"name":"Shaded","section":"Shading Mode"},"sceneLighting":false,"audioPlay":false,"sceneViewState":{"m_AlwaysRefresh":false,"showFog":true,"showSkybox":true,"showFlares":true,"showImageEffects":true,"showParticleSystems":true,"showVisualEffectGraphs":true,"m_FxEnabled":true},"in2DMode":false,"pivot":{"x":-7.3613786697387699,"y":-0.039123859256505969,"z":2.0686447620391847},"rotation":{"x":0.21615128219127656,"y":-0.6586553454399109,"z":0.20613719522953034,"w":0.6906479001045227},"size":7.071067810058594,"orthographic":false}