{"cameraMode":{"drawMode":0,"name":"Shaded","section":"Shading Mode"},"sceneLighting":false,"audioPlay":false,"sceneViewState":{"m_AlwaysRefresh":false,"showFog":true,"showSkybox":true,"showFlares":true,"showImageEffects":true,"showParticleSystems":true,"showVisualEffectGraphs":true,"m_FxEnabled":true},"in2DMode":false,"pivot":{"x":1.4770103693008423,"y":-4.650883197784424,"z":2.513218402862549},"rotation":{"x":0.45476651191711428,"y":0.046712737530469897,"z":-0.023899024352431299,"w":0.8890734910964966},"size":9.89915943145752,"orthographic":false}